từ mới,cách đọc,nghĩa tiếng việt,ví dụ sử dụng minh hoạ
危害,きがい,tổn hại; nguy hại,他人に危害を加えてはいけない。
喜劇,きげき,hài kịch,劇場で喜劇を見た。
器官,きかん,cơ quan trong cơ thể,心臓は血液を送る器官だ。
器材,きざい,dụng cụ và vật tư,実験に必要な器材をそろえる。
基金,ききん,quỹ tiền dành cho mục đích nhất định,奨学金の基金を設立する。
基盤,きばん,nền tảng,生活の基盤を整える。
奇跡,きせき,kỳ tích; phép màu,全員が無事だったのは奇跡だ。
寄贈,きぞう (する),hiến tặng hiện vật,図書館に本を寄贈する。
寄付,きふ (する),quyên góp,被災地へ衣類を寄付した。
寄与,きよ (する),góp phần,この研究は医療の発展に寄与した。
既婚,きこん,đã kết hôn,応募条件に未婚・既婚の区別はない。
期日,きじつ,ngày hạn định,期日までに料金を払う。
棄権,きけん (する),bỏ cuộc thi; không thực hiện quyền bỏ phiếu,けがのため試合を棄権した。
機構,きこう,cơ cấu tổ chức; cơ chế máy móc,組織の機構を見直す。
機材,きざい,máy móc và thiết bị,撮影用の機材を運ぶ。
帰省,きせい (する),về quê thăm gia đình,正月に実家へ帰省する。
気概,きがい,khí phách; tinh thần quyết tâm,困難に立ち向かう気概がある。
気質,きしつ,tính khí; tính cách bẩm sinh,彼は穏やかな気質の持ち主だ。
気心,きごころ,tâm tính; tính tình,気心の知れた友人と旅をする。
気前,きまえ,"sự rộng rãi trong chi tiêu, cho tặng",叔父は気前がよい。
気配,けはい,dấu hiệu; cảm giác hiện diện,誰かいる気配がした。
気迫,きはく,khí thế; tinh thần mãnh liệt,相手の気迫に圧倒された。
気品,きひん,sự thanh lịch; phẩm cách cao quý,気品のある振る舞いが印象に残った。
気風,きふう,phong thái; nếp tinh thần của tập thể,この学校には自由な気風がある。
気流,きりゅう,dòng không khí,気流の変化で飛行機が揺れた。
祈願,きがん (する),cầu nguyện,家族の健康を祈願する。
規定,きてい (する),quy định; ấn định,規則で利用時間を規定する。
規範,きはん,chuẩn mực,社会の規範を守る。
記載,きさい (する),ghi vào văn bản,申込書に住所を記載する。
記述,きじゅつ (する),mô tả bằng văn bản,観察した結果を詳しく記述する。
貴族,きぞく,quý tộc,当時の貴族の暮らしを調べる。
起源,きげん,nguồn gốc,この祭りの起源を探る。
起点,きてん,điểm bắt đầu,東京を起点に各地を回る。
起動,きどう (する),"khởi động thiết bị, chương trình",パソコンを起動する。
起伏,きふく (する),sự nhấp nhô; thăng trầm,この道は起伏が激しい。
軌道,きどう,quỹ đạo; đường ray,衛星が地球の軌道を回る。
飢餓,きが,nạn đói,干ばつで飢餓が広がった。
亀裂,きれつ,vết nứt; rạn nứt quan hệ,壁に亀裂が入った。
偽造,ぎぞう (する),làm giả,証明書を偽造したことが発覚した。
儀式,ぎしき,nghi thức; nghi lễ,伝統的な儀式を行う。
戯曲,ぎきょく,tác phẩm kịch viết để diễn,彼の戯曲が舞台で上演された。
技能,ぎのう,kỹ năng thực hành,実習で専門の技能を身につける。
犠牲,ぎせい,sự hy sinh; thiệt hại phải gánh chịu,仕事のために健康を犠牲にしない。
疑惑,ぎわく,sự nghi ngờ về điều sai trái,不正への疑惑が深まった。
義務,ぎむ,nghĩa vụ,税金を払う義務がある。
義理,ぎり,đạo nghĩa; bổn phận trong quan hệ,世話になった人への義理を欠いてはいけない。
議案,ぎあん,dự thảo nghị quyết; đề án thảo luận,議案を会議に提出した。
議決,ぎけつ (する),biểu quyết quyết định,議会が予算案を議決した。
議題,ぎだい,chủ đề thảo luận,次の議題に移る。
喫煙,きつえん (する),hút thuốc,館内での喫煙は禁止です。
脚光,きゃっこう,sự chú ý của công chúng,若い作家が脚光を浴びた。
脚色,きゃくしょく (する),phóng tác; thêm thắt,小説を映画用に脚色した。
脚本,きゃくほん,kịch bản,舞台の脚本を書く。
逆境,ぎゃっきょう,nghịch cảnh,逆境を乗り越えて成長した。
逆接,ぎゃくせつ,quan hệ tương phản trong ngữ pháp,「しかし」は逆接を表す。
逆転,ぎゃくてん (する),đảo ngược tình thế,後半に逆転して勝った。
逆流,ぎゃくりゅう (する),chảy ngược,大雨で下水が逆流した。
休息,きゅうそく (する),nghỉ ngơi,少し休息を取ってください。
休養,きゅうよう (する),nghỉ dưỡng,海辺でゆっくり休養する。
宮殿,きゅうでん,cung điện,王の宮殿を見学した。
急患,きゅうかん,bệnh nhân cấp cứu,急患が運ばれてきた。
急変,きゅうへん (する),thay đổi đột ngột,天候が急変した。
急募,きゅうぼ (する),tuyển gấp,店員を急募している。
急務,きゅうむ,việc cấp bách,人材の育成が急務だ。
救援,きゅうえん (する),cứu viện; cứu trợ,被災地へ救援に向かう。
救済,きゅうさい (する),cứu giúp; cứu tế,被害者を救済する制度が必要だ。
究極,きゅうきょく,tột cùng; tối hậu,究極の目標は平和だ。
究明,きゅうめい (する),làm sáng tỏ triệt để,事故の原因を究明する。
窮地,きゅうち,tình thế cùng đường,仲間の助けで窮地を脱した。
給食,きゅうしょく,"bữa ăn do trường, cơ quan cung cấp",学校の給食を楽しみにしている。
巨匠,きょしょう,bậc thầy,映画界の巨匠に話を聞いた。
拒絶,きょぜつ (する),khước từ; cự tuyệt,彼は提案を拒絶した。
拒否,きょひ (する),từ chối,回答を拒否する権利がある。
挙式,きょしき,tổ chức lễ cưới,二人は教会で挙式した。
虚偽,きょぎ,sự giả dối,虚偽の報告が発覚した。
許容,きょよう (する),chấp nhận trong giới hạn,この誤差は許容できる。
漁船,ぎょせん,tàu đánh cá,漁船が港に戻った。
漁村,ぎょそん,làng chài,小さな漁村で育った。
供述,きょうじゅつ (する),khai báo; lời khai,目撃者が当時の様子を供述した。
競走,きょうそう (する),chạy đua,子供たちが競走している。
共鳴,きょうめい (する),cộng hưởng; đồng cảm,彼の考えに共鳴した。
凶作,きょうさく,mất mùa,干ばつで凶作になった。
協議,きょうぎ (する),bàn bạc; hiệp thương,条件について協議する。
協調,きょうちょう (する),phối hợp hòa hợp,周囲と協調して働く。
協定,きょうてい (する),hiệp định; thỏa thuận,両国が協定を結んだ。
境遇,きょうぐう,hoàn cảnh sống,似た境遇の友人に出会った。
境地,きょうち,trạng thái tinh thần; trình độ đạt tới,無心の境地に達した。
境内,けいだい,khuôn viên đền chùa,神社の境内を歩く。
強行,きょうこう (する),cương quyết thực hiện bất chấp trở ngại,雨の中で試合を強行した。
強豪,きょうごう,đối thủ mạnh,強豪を破って優勝した。
強制,きょうせい (する),cưỡng ép; bắt buộc,参加を強制してはいけない。
強盗,ごうとう (する),cướp; kẻ cướp,銀行に強盗が入った。
恐慌,きょうこう,khủng hoảng kinh tế; hoảng loạn,世界恐慌の歴史を学ぶ。
教科,きょうか,môn học,好きな教科は数学だ。
教訓,きょうくん (する),bài học rút ra,失敗を教訓にする。
教習,きょうしゅう,huấn luyện thực hành,運転の教習を受ける。
教職,きょうしょく,nghề giáo,大学卒業後、教職に就いた。
脅迫,きょうはく (する),đe dọa; uy hiếp,金を払えと脅迫された。
興業,こうぎょう,chấn hưng công nghiệp,当時の政府は興業を推進した。
興奮,こうふん (する),phấn khích; kích động,試合の結末に興奮した。
